sample_id,title,label
GSM4891602,AD sample 1,AD
GSM4891603,AD sample 2,AD
GSM4891604,AD sample 3,AD
GSM4891605,AD sample 4,AD
GSM4891606,AD sample 5,AD
GSM4891607,AD sample 6,AD
GSM4891608,CTRL sample 1,CTRL
GSM4891609,CTRL sample 2,CTRL
GSM4891610,CTRL sample 3,CTRL
GSM4891611,CTRL sample 4,CTRL
GSM4891612,CTRL sample 5,CTRL
GSM4891613,CTRL sample 6,CTRL
GSM4891614,CTRL sample 7,CTRL
GSM4891615,CTRL sample 8,CTRL
GSM4891616,CTRL sample 9,CTRL
GSM4891617,CTRL sample 10,CTRL
GSM4891618,CTRL sample 11,CTRL
GSM4891619,PD sample 1,PD
GSM4891620,PD sample 2,PD
GSM4891621,PD sample 3,PD
GSM4891622,PD sample 4,PD
GSM4891623,PD sample 5,PD
GSM4891624,PD sample 6,PD
