patient_id,AAA,AAC,AAG,AAT,ACA,ACC,ACG,ACT,AGA,AGC,AGG,AGT,ATA,ATC,ATG,ATT,CAA,CAC,CAG,CAT,CCA,CCC,CCG,CCT,CGA,CGC,CGG,CGT,CTA,CTC,CTG,CTT,GAA,GAC,GAG,GAT,GCA,GCC,GCG,GCT,GGA,GGC,GGG,GGT,GTA,GTC,GTG,GTT,TAA,TAC,TAG,TAT,TCA,TCC,TCG,TCT,TGA,TGC,TGG,TGT,TTA,TTC,TTG,TTT
Patient_0000,2,3,3,3,3,4,2,2,0,3,4,4,5,0,1,1,3,2,4,1,2,2,4,3,4,4,1,2,3,3,2,2,2,5,1,1,4,4,3,2,2,4,1,0,1,3,2,1,3,2,3,2,1,1,2,3,3,2,1,1,1,1,2,2
Patient_0001,5,7,3,6,4,2,4,4,3,1,0,0,2,1,5,0,7,1,1,1,1,1,2,2,2,5,2,4,3,2,1,4,5,4,1,0,1,0,6,2,0,3,0,0,0,2,3,2,4,2,0,1,4,2,1,2,5,0,1,3,2,4,0,2
Patient_0002,0,1,0,2,2,2,2,2,0,3,4,2,2,4,1,1,2,2,2,2,4,4,1,5,3,1,1,4,3,2,4,3,1,2,4,1,0,4,3,1,5,2,1,2,4,3,2,2,0,3,3,3,2,5,3,4,0,2,3,3,0,5,1,3
Patient_0003,1,1,4,1,2,1,0,4,2,2,1,4,2,1,3,2,1,3,3,1,0,0,1,1,1,1,2,2,1,7,1,5,2,1,1,3,2,0,1,3,1,1,3,3,0,3,6,5,3,2,1,3,4,1,4,6,3,2,3,5,6,4,3,2
Patient_0004,0,4,2,2,3,5,7,1,1,1,1,2,2,2,4,3,1,1,2,3,1,2,4,1,6,4,1,1,2,1,1,3,3,7,0,2,2,0,2,4,3,1,1,1,3,0,3,3,4,3,1,4,1,1,0,1,2,2,3,5,5,0,4,3
Patient_0005,0,1,2,2,2,1,1,3,1,0,2,4,5,2,5,0,1,1,1,5,2,1,3,3,3,2,1,0,2,7,3,1,2,0,2,4,2,2,1,1,2,0,3,6,2,3,5,3,1,5,2,1,2,5,1,6,2,4,5,3,1,2,1,2
Patient_0006,0,3,3,3,3,2,2,3,1,5,0,3,3,1,3,4,4,1,3,2,0,2,4,3,2,3,2,1,3,1,2,3,0,3,1,4,5,2,2,1,1,1,0,2,3,3,3,2,5,3,2,2,2,3,0,2,4,1,2,4,3,2,3,2
Patient_0007,2,3,1,2,1,4,3,3,2,3,2,4,6,0,2,1,3,2,3,0,2,0,2,4,1,2,4,1,3,5,1,2,2,4,1,4,3,2,2,3,5,2,5,0,2,0,1,3,1,2,6,3,2,2,1,1,3,2,1,1,1,1,3,5
Patient_0008,0,0,3,1,1,0,1,2,6,3,2,4,2,1,6,1,0,1,4,3,2,5,4,1,2,1,2,4,3,2,2,1,3,2,6,3,2,2,1,5,2,2,1,2,0,7,1,4,1,1,2,3,3,5,3,0,4,3,2,2,2,2,2,0
Patient_0009,0,2,2,3,2,0,3,3,2,6,5,2,2,1,2,2,1,3,4,1,1,0,1,2,1,0,3,3,1,2,2,4,4,1,4,1,4,2,1,3,5,2,1,5,4,2,2,3,1,2,5,2,3,2,2,1,2,2,4,1,3,3,3,2
Patient_0010,2,2,4,2,1,2,3,1,0,3,3,3,1,2,1,3,2,1,0,1,1,3,6,3,4,5,5,1,3,1,1,2,3,2,3,3,1,4,4,2,4,2,0,3,2,3,1,3,3,2,1,1,2,4,2,1,3,1,1,2,1,3,4,5
Patient_0011,1,3,1,1,2,3,1,2,1,2,2,1,0,2,3,3,2,3,2,4,3,0,5,1,3,0,5,2,1,4,5,2,2,1,2,3,4,0,2,5,3,5,3,2,1,3,3,2,1,1,1,0,2,5,2,4,1,5,3,4,1,4,2,1
Patient_0012,2,2,1,4,2,3,2,3,0,0,2,3,4,2,5,1,6,1,1,2,4,2,2,5,1,3,2,1,1,3,6,2,1,2,2,3,3,2,3,1,1,3,1,1,1,2,1,3,0,5,1,3,1,6,0,3,5,3,1,3,3,3,0,3
Patient_0013,4,5,2,3,3,5,0,1,1,0,1,3,1,3,2,4,3,2,2,2,3,1,4,4,2,4,3,0,1,6,3,0,3,3,0,3,0,2,1,3,2,0,3,4,2,0,1,4,4,0,1,2,3,4,4,2,4,2,2,0,3,3,2,3
Patient_0014,2,1,3,0,1,2,2,3,2,3,1,5,0,2,1,2,1,3,1,2,1,0,2,2,1,4,1,2,3,4,6,2,2,2,2,2,2,1,1,5,2,1,1,2,2,3,7,3,1,2,5,1,3,2,3,4,3,2,3,6,4,3,0,3
Patient_0015,2,2,3,0,0,1,6,2,3,2,2,2,2,4,1,1,1,0,0,1,0,2,3,4,7,1,2,2,2,3,3,5,1,5,2,5,0,2,1,2,2,1,1,2,4,2,1,3,3,2,4,2,2,4,2,5,1,1,1,3,4,4,1,6
Patient_0016,3,4,2,3,1,1,1,7,1,3,2,0,1,3,4,0,2,0,0,2,1,2,4,4,3,2,2,1,7,3,4,4,2,3,3,2,1,4,2,4,2,3,5,1,0,0,1,2,5,3,1,1,1,4,1,3,4,3,2,1,3,2,1,1
Patient_0017,3,6,2,1,3,3,4,3,4,3,0,2,4,1,4,1,3,2,0,4,3,1,2,1,5,2,1,2,2,1,4,2,4,2,4,3,2,0,3,5,2,2,1,0,3,2,1,2,3,3,3,2,1,3,1,0,2,2,3,4,2,1,2,1
Patient_0018,3,4,2,1,2,4,3,4,3,3,1,1,3,0,2,2,2,5,3,4,4,2,3,3,2,2,2,1,1,3,4,2,3,2,2,1,4,5,0,2,1,1,0,3,1,2,4,2,2,2,2,1,4,1,1,1,2,5,2,3,2,2,2,2
Patient_0019,1,2,5,2,1,2,2,0,3,3,3,7,3,4,0,2,5,1,4,2,3,0,1,4,3,2,1,1,2,3,2,2,3,1,2,3,3,5,2,2,2,4,2,0,4,1,1,2,1,1,5,2,5,1,2,3,1,2,2,1,0,3,3,3
Patient_0020,1,1,1,2,2,3,3,1,1,0,2,1,5,5,2,2,1,2,1,5,4,8,3,1,1,0,4,3,1,2,3,1,1,1,2,2,1,0,2,1,2,2,3,5,4,2,2,4,3,5,0,4,2,5,0,4,2,2,3,3,2,2,3,2
Patient_0021,4,2,1,3,1,3,2,2,1,1,2,1,1,3,7,1,2,1,2,5,2,5,4,2,4,3,2,3,2,1,0,1,2,1,1,3,5,4,3,0,0,3,5,3,2,2,3,2,2,4,1,1,2,2,3,0,1,5,2,2,3,1,0,6
Patient_0022,6,4,4,3,3,1,0,5,1,2,2,1,1,4,2,5,3,3,1,5,0,0,3,0,1,1,2,1,1,1,5,3,1,3,1,2,3,0,2,3,2,1,1,3,3,2,3,1,7,0,0,2,6,2,0,2,3,3,2,4,4,3,2,3
Patient_0023,1,2,2,4,0,1,2,3,0,5,0,5,2,2,2,3,2,3,2,3,4,2,5,1,4,2,3,2,3,4,1,1,2,0,4,1,2,7,1,2,0,5,2,1,2,4,2,2,4,1,2,1,4,3,3,3,2,0,3,2,1,3,2,1
Patient_0024,7,4,1,2,5,1,3,2,4,3,1,3,2,3,2,0,3,1,4,2,1,3,3,3,3,3,2,3,2,2,3,0,3,4,4,1,1,3,5,1,3,3,0,1,0,2,0,5,1,2,2,2,3,3,1,1,2,1,4,0,2,1,2,4
Patient_0025,1,1,1,1,2,2,2,8,2,1,2,2,1,3,1,2,1,5,3,2,2,5,2,5,1,1,0,4,3,7,4,4,0,5,2,3,1,1,0,3,0,2,0,1,0,3,2,2,2,3,1,0,6,6,2,2,7,1,1,0,2,3,3,3
Patient_0026,2,1,3,3,1,1,1,6,1,3,3,1,2,1,2,2,2,4,2,1,2,3,4,2,2,5,0,4,2,2,2,4,1,3,1,2,3,3,3,1,1,2,3,3,0,5,3,3,4,1,2,1,3,4,3,1,3,0,3,2,5,3,1,1
Patient_0027,1,2,2,2,1,2,2,2,0,3,2,0,4,0,4,0,1,3,1,1,3,2,5,3,1,2,2,6,3,1,1,4,1,1,0,2,1,2,3,2,2,2,6,5,1,6,4,4,4,1,2,3,2,7,1,1,1,1,5,4,2,4,2,0
Patient_0028,0,1,2,1,4,2,2,4,2,2,1,2,0,7,2,3,2,5,2,3,0,0,3,2,8,0,3,2,3,2,1,3,2,4,1,6,3,0,2,2,0,2,1,3,3,4,3,0,0,2,2,2,5,3,6,1,2,3,1,4,0,2,4,1
Patient_0029,2,3,2,2,3,2,0,3,2,6,1,3,3,5,1,1,4,2,3,2,1,2,4,3,3,0,3,0,3,3,4,0,1,1,3,4,3,4,1,2,1,1,3,5,1,1,2,4,2,2,4,2,4,2,1,2,3,4,3,0,3,0,2,1
Patient_0030,1,3,1,1,0,3,2,2,1,4,2,5,2,1,1,2,1,0,4,2,1,5,8,3,5,3,1,3,3,5,2,1,3,1,3,2,2,2,3,2,1,2,2,2,2,6,1,2,1,3,4,1,4,7,0,4,2,0,2,1,1,3,1,0
Patient_0031,1,2,0,2,1,4,3,4,3,1,2,1,2,3,2,2,2,4,5,2,8,6,1,2,0,2,1,1,2,3,2,5,1,2,0,3,3,3,0,1,1,1,0,3,2,3,2,1,2,4,2,2,1,4,0,5,2,3,2,3,4,1,4,4
Patient_0032,2,0,5,2,1,2,3,1,3,1,7,4,3,2,2,1,2,2,3,3,2,0,4,0,1,3,4,2,0,2,1,2,3,3,4,0,4,1,2,1,5,3,4,5,4,3,3,2,2,2,3,3,3,3,1,2,1,1,2,2,3,2,0,1
Patient_0033,1,2,1,5,1,2,1,1,4,1,1,2,5,3,3,1,0,1,1,5,3,2,2,4,1,1,5,1,0,2,3,3,2,1,3,1,2,2,1,1,0,3,3,4,3,2,1,6,5,1,3,1,1,5,5,2,2,1,1,5,2,6,2,3
Patient_0034,3,4,1,3,1,3,1,3,5,0,2,4,2,2,2,1,0,1,4,0,0,0,3,3,2,2,2,3,3,4,1,4,5,1,4,3,1,0,4,2,3,2,4,0,2,1,3,3,2,2,2,1,3,3,1,4,3,3,2,2,0,4,4,5
Patient_0035,4,2,2,3,3,1,2,7,2,0,3,3,2,5,4,3,5,6,2,3,4,0,1,0,0,2,1,2,2,4,1,2,1,1,1,3,2,1,1,2,1,2,1,2,6,0,2,1,1,5,3,5,6,3,1,0,3,2,1,2,4,1,1,2
Patient_0036,2,3,2,1,2,2,0,4,0,3,2,1,4,3,0,5,2,3,3,6,6,2,3,2,2,4,1,2,1,7,3,2,0,1,0,2,3,2,1,4,0,2,0,2,2,2,0,2,4,1,1,3,4,7,4,3,1,1,1,1,2,6,1,2
Patient_0037,0,2,2,5,0,1,3,2,2,2,3,2,0,2,4,2,3,1,3,1,3,3,5,0,3,4,3,2,2,3,4,0,4,3,2,0,5,2,2,4,1,4,1,4,2,2,4,3,2,0,2,2,0,4,2,3,3,3,3,3,2,2,1,1
Patient_0038,0,2,1,2,1,4,4,0,3,2,4,4,3,3,1,0,4,4,2,0,1,1,3,1,0,2,4,2,0,3,5,1,0,2,6,3,4,0,0,3,2,2,5,5,5,4,4,2,1,1,4,2,4,2,1,5,6,1,0,4,0,2,1,0
Patient_0039,4,6,3,2,2,3,2,4,3,2,0,2,4,1,2,3,4,0,2,3,3,2,3,2,2,4,1,1,4,1,4,2,4,0,0,2,2,2,3,4,1,1,1,1,1,2,2,3,4,5,2,2,2,3,0,1,0,4,2,4,4,2,2,1
Patient_0040,1,2,1,2,0,1,5,1,1,1,2,3,3,0,2,5,1,1,1,1,0,2,2,2,3,1,3,5,1,3,2,2,3,2,4,4,1,0,2,2,5,0,1,3,2,4,3,5,1,3,1,3,3,3,3,2,4,3,3,3,2,4,6,3
Patient_0041,2,4,2,0,1,4,4,3,1,1,2,2,1,3,4,1,3,3,1,4,3,1,3,2,1,5,2,4,0,5,2,2,2,2,2,4,3,1,2,4,5,2,0,0,3,0,2,4,1,3,1,1,4,3,3,0,3,1,3,3,2,3,2,3
Patient_0042,2,0,2,3,1,3,2,3,4,3,1,2,1,1,3,3,2,3,4,2,2,0,3,1,1,4,0,4,3,5,3,2,2,2,3,1,5,1,0,5,0,1,2,2,1,5,3,1,1,4,1,2,3,2,4,4,3,2,2,3,3,2,1,4
Patient_0043,3,4,1,6,2,3,0,2,1,1,0,4,3,2,5,2,1,2,3,0,2,1,2,7,2,1,0,0,3,3,1,6,4,1,1,1,1,3,1,3,2,1,1,2,1,2,1,3,6,0,1,5,1,5,0,1,2,5,4,1,5,0,5,6
Patient_0044,2,1,3,2,3,0,3,3,0,2,2,3,1,3,2,2,6,3,1,0,2,2,3,3,1,2,2,3,2,2,2,4,0,0,3,2,2,3,1,2,2,2,4,2,1,4,1,5,0,5,0,3,3,5,1,3,2,2,2,3,4,3,4,4
Patient_0045,2,2,3,4,3,1,1,3,2,2,4,3,1,2,3,2,0,2,5,0,0,1,2,6,3,1,1,1,5,3,1,4,3,1,1,4,1,4,1,1,1,3,5,1,3,1,1,3,5,3,2,0,3,3,2,3,3,1,0,3,2,5,2,4
Patient_0046,2,3,1,3,4,3,3,1,3,3,1,6,4,1,2,0,3,1,5,1,0,1,4,3,2,2,1,4,2,1,2,3,1,4,2,1,2,3,1,2,0,1,1,3,2,6,5,2,3,3,5,2,5,1,1,2,3,2,2,2,4,1,0,1
Patient_0047,7,4,1,2,5,2,2,1,1,2,1,4,4,3,3,3,3,2,2,5,2,3,3,1,2,1,2,2,1,2,1,1,2,3,1,3,3,2,0,2,2,2,3,2,2,0,2,4,2,1,4,3,2,2,2,0,4,3,3,0,3,1,4,3
Patient_0048,1,4,2,0,1,3,3,3,5,3,0,1,1,0,1,0,1,1,3,2,0,3,3,5,3,6,4,3,2,7,3,0,4,2,3,0,3,2,4,2,1,2,2,3,2,4,2,4,1,3,1,0,3,2,6,2,0,1,2,5,0,2,2,4
Patient_0049,0,1,2,0,2,3,1,2,2,2,1,3,3,4,2,0,0,2,0,5,1,2,6,2,2,3,1,4,2,3,1,7,2,3,2,2,1,3,0,4,2,1,1,2,0,1,2,6,1,2,4,3,3,3,3,5,2,2,3,0,5,6,2,3
Patient_0050,1,4,3,3,1,2,4,4,2,2,3,1,2,4,3,1,5,5,3,2,6,0,2,2,1,3,2,3,2,5,4,1,1,2,0,4,2,6,2,2,2,3,0,0,2,2,1,1,4,1,2,1,6,2,1,3,2,4,0,2,2,1,0,1
Patient_0051,2,0,2,4,1,2,1,2,1,2,0,3,2,2,0,5,2,2,1,2,4,7,2,5,0,3,1,2,4,5,3,1,0,2,0,2,0,3,1,3,0,0,0,3,2,3,3,4,4,2,3,1,2,7,2,3,3,1,2,4,2,4,4,5
Patient_0052,3,1,3,2,2,0,1,4,6,4,1,3,3,2,3,1,2,1,4,3,3,2,2,0,1,2,1,5,1,2,0,4,3,2,3,1,2,2,5,1,2,2,2,0,2,1,2,6,1,3,4,3,3,3,1,2,0,3,2,2,5,4,2,2
Patient_0053,4,3,3,1,2,2,2,4,3,1,2,5,0,2,3,2,3,2,3,4,3,5,3,2,2,1,2,0,4,2,2,4,3,3,2,0,3,3,0,3,1,3,0,0,1,5,1,2,1,2,2,2,4,3,0,3,2,4,1,4,2,1,5,1
Patient_0054,1,3,1,2,3,1,2,1,3,4,3,2,3,4,2,2,0,1,4,4,2,2,1,1,6,1,0,4,1,2,2,3,5,1,4,3,3,1,2,2,2,2,3,2,1,4,3,2,1,2,4,2,1,2,6,4,2,1,3,1,4,3,0,1
Patient_0055,3,2,1,2,3,3,3,3,1,4,1,1,2,2,0,4,3,3,1,0,1,4,4,2,4,3,1,6,4,1,1,2,1,4,2,2,1,2,3,2,1,1,6,3,3,3,2,2,0,3,3,4,2,2,4,1,3,1,3,0,1,3,4,1
Patient_0056,2,3,3,2,2,6,3,2,0,4,2,0,1,3,2,2,3,4,1,3,6,1,1,4,5,4,2,0,2,6,3,3,3,3,2,0,1,3,5,4,3,2,2,2,1,1,0,0,2,3,0,3,1,3,2,4,0,3,3,0,4,0,1,2
Patient_0057,3,2,2,3,6,2,2,2,5,1,3,2,0,5,2,0,2,8,5,0,2,1,1,4,1,2,2,2,3,4,1,3,4,2,3,1,2,2,1,2,3,2,1,2,1,3,1,2,1,0,1,3,6,3,2,3,1,2,2,1,1,2,2,5
Patient_0058,1,4,2,1,4,1,2,3,2,2,4,3,2,3,1,4,1,3,5,4,2,2,2,2,3,2,1,3,3,2,2,0,4,1,2,2,3,2,1,1,3,1,3,3,3,4,2,2,2,2,2,3,3,3,4,1,1,2,2,3,1,2,3,1
Patient_0059,3,2,0,2,4,1,1,3,0,1,3,6,4,1,3,2,1,3,3,2,1,0,2,3,1,2,1,1,2,5,3,3,1,1,2,4,2,3,0,1,3,2,0,2,3,2,2,4,2,3,5,2,2,2,2,6,4,1,3,2,3,4,2,4
Patient_0060,2,3,1,3,5,1,4,4,1,3,2,0,6,0,3,0,5,2,2,3,1,1,5,2,4,3,4,1,2,5,2,2,1,4,1,0,2,5,2,3,0,2,3,4,2,3,0,1,1,5,2,3,4,2,1,2,1,4,0,1,1,1,1,4
Patient_0061,1,2,4,3,0,1,4,1,7,2,2,3,2,2,4,2,1,2,5,2,4,0,1,2,2,2,2,3,2,1,1,2,6,0,3,2,2,4,1,3,2,2,2,4,3,5,2,1,2,3,2,3,4,2,3,0,0,4,4,1,3,1,2,0
Patient_0062,2,3,4,1,4,1,3,3,1,4,2,2,0,2,1,3,3,2,2,2,1,2,4,1,4,1,3,4,3,4,1,2,2,5,0,2,1,2,1,3,2,1,2,5,3,4,1,3,3,1,3,1,3,3,4,2,2,1,3,0,2,3,3,2
Patient_0063,3,1,2,3,0,1,2,2,4,2,1,3,2,3,3,2,1,1,2,1,0,1,3,2,2,3,5,0,2,5,3,2,4,0,4,5,3,2,3,3,3,3,2,3,0,2,3,2,2,3,2,1,2,2,2,4,4,3,3,1,4,0,2,4
Patient_0064,3,3,2,2,2,2,3,1,2,2,0,3,3,1,2,6,2,3,2,2,2,5,3,3,2,2,3,3,0,4,0,3,1,2,0,3,0,2,2,2,1,0,1,4,5,2,0,3,4,0,3,5,4,4,2,1,2,2,2,0,4,4,4,3
Patient_0065,3,4,4,3,1,3,3,5,1,1,3,3,4,2,1,2,4,1,1,1,1,1,3,0,5,2,2,3,3,2,2,3,3,6,1,1,3,0,3,4,0,4,1,2,2,0,3,3,4,1,2,4,2,1,3,1,4,3,1,0,3,3,2,1
Patient_0066,0,4,2,3,2,1,4,4,3,1,7,2,3,1,2,1,2,1,4,0,1,2,2,0,2,4,4,0,4,0,2,2,2,5,5,1,4,0,3,3,4,4,5,4,2,3,2,2,5,1,2,3,0,2,1,1,4,1,1,3,2,0,3,0
Patient_0067,1,2,1,2,5,2,2,2,2,3,3,2,3,0,3,2,2,3,2,4,2,1,2,3,3,1,3,1,1,4,2,2,3,3,4,2,3,1,2,1,4,1,2,3,2,1,1,5,0,3,3,0,1,5,2,3,3,2,2,3,0,5,4,3
Patient_0068,0,2,0,2,3,1,2,1,1,1,4,5,3,2,1,2,2,1,5,3,4,1,1,1,2,3,3,2,2,4,2,1,1,2,3,2,1,2,2,2,2,1,1,4,2,6,1,5,1,2,3,1,3,3,5,5,3,2,0,3,1,3,4,5
Patient_0069,0,1,1,3,2,4,2,3,1,2,0,2,1,4,3,2,1,9,1,3,3,1,2,5,1,3,3,1,5,4,1,3,1,1,0,2,3,3,3,2,0,3,3,4,1,2,3,2,3,0,4,2,6,3,1,3,2,2,4,1,2,3,2,0
Patient_0070,1,2,2,2,2,3,3,3,3,3,3,3,3,0,3,2,1,3,4,1,1,1,6,1,4,4,1,1,2,3,2,2,1,5,3,4,4,3,1,4,4,1,2,1,2,1,2,1,4,1,3,1,2,2,0,1,2,4,3,1,2,1,3,4
Patient_0071,0,1,1,0,1,6,3,1,0,2,0,3,1,3,0,4,0,1,0,4,0,4,6,3,3,4,6,2,2,5,4,0,2,4,0,3,1,1,2,4,4,2,2,4,4,1,0,4,0,5,4,0,3,2,4,3,2,0,4,1,2,3,3,4
Patient_0072,0,1,2,1,2,2,3,1,2,2,5,3,3,4,3,1,1,0,4,2,2,0,1,1,2,0,4,2,1,2,1,3,2,3,2,6,2,0,2,1,5,2,2,6,1,4,4,4,1,4,4,2,2,2,2,4,4,1,4,2,5,0,3,1
Patient_0073,1,2,0,3,0,0,4,2,2,2,0,5,0,2,2,4,0,2,1,1,1,0,1,8,3,1,3,2,4,6,3,3,2,2,3,2,0,5,1,2,1,2,4,1,1,4,2,2,3,0,5,1,3,5,3,4,3,3,1,1,4,3,2,5
Patient_0074,0,1,2,1,1,3,4,3,3,1,1,2,3,3,1,0,1,4,1,0,1,4,7,2,4,4,5,4,3,3,1,2,1,4,1,3,2,4,4,0,1,2,4,3,1,1,3,5,2,2,3,3,2,2,2,4,1,3,1,1,3,3,1,1
Patient_0075,3,3,2,0,3,1,2,1,1,0,2,3,3,3,3,1,0,1,2,4,0,1,6,2,2,2,3,6,0,3,3,0,2,4,1,3,1,2,3,1,3,2,4,3,1,4,4,5,3,0,1,3,3,4,2,2,4,3,3,2,3,1,2,3
Patient_0076,1,3,2,2,2,3,2,2,2,1,3,1,4,3,2,4,2,2,2,4,3,7,5,3,3,3,1,2,5,2,1,0,1,3,1,3,3,3,1,1,3,1,2,2,0,4,1,1,4,1,2,4,2,5,2,2,0,3,2,0,2,2,1,4
Patient_0077,0,0,3,2,2,5,2,2,1,2,3,1,1,3,2,1,2,5,2,1,3,3,3,5,3,4,4,1,2,5,3,2,2,2,1,4,4,1,5,2,2,2,1,3,2,0,2,3,1,4,2,0,1,4,2,3,3,4,0,2,2,2,2,2
Patient_0078,4,2,2,3,1,2,2,0,2,2,2,3,0,2,4,4,2,0,1,1,1,2,4,1,2,0,4,4,4,3,2,1,3,0,2,3,2,2,3,4,2,4,4,3,2,2,5,2,2,3,4,2,0,2,1,5,2,5,3,1,5,1,0,2
Patient_0079,4,0,4,2,2,2,3,0,6,1,3,3,2,3,1,2,1,0,2,4,2,3,4,3,4,3,1,2,1,6,3,1,4,6,4,2,1,1,1,4,3,3,2,1,2,2,2,1,1,1,3,0,2,6,2,3,3,0,3,1,0,2,1,3
Patient_0080,2,3,2,2,2,2,2,3,2,0,0,3,4,8,0,2,3,0,1,4,2,1,4,1,5,4,1,5,3,4,2,0,2,3,0,4,0,1,4,3,1,1,2,0,2,3,3,2,2,3,2,4,4,4,5,2,2,2,1,2,2,0,2,3
Patient_0081,7,0,1,3,3,2,2,1,1,0,1,0,4,0,2,4,1,1,0,4,0,2,6,2,3,6,1,3,2,7,5,1,2,2,1,1,1,3,2,5,1,2,1,2,2,3,0,3,1,5,0,2,2,3,3,7,1,3,3,3,0,5,3,1
Patient_0082,4,3,2,2,4,4,4,4,4,0,0,4,1,2,3,0,4,7,1,0,3,1,2,1,2,0,5,1,3,3,4,2,2,6,2,3,2,0,2,2,4,2,0,2,1,3,1,2,1,0,3,2,3,2,0,5,3,4,3,0,1,2,2,3
Patient_0083,0,1,2,2,0,1,2,1,1,1,2,2,2,2,2,2,2,0,2,3,3,4,4,5,1,3,4,3,1,2,3,4,1,1,0,2,3,7,3,1,1,6,2,1,2,2,5,2,2,2,3,1,1,4,2,3,1,3,2,5,3,4,1,5
Patient_0084,2,5,1,1,1,4,2,3,2,2,4,4,2,1,1,4,1,4,4,0,6,2,3,1,4,2,2,1,3,3,2,2,3,1,3,5,0,4,2,3,2,1,1,3,1,3,3,1,3,0,4,2,3,2,2,3,3,4,0,0,3,3,1,0
Patient_0085,6,1,3,4,0,3,1,2,3,2,2,4,2,1,1,4,5,1,2,2,2,0,3,1,1,3,5,1,1,1,2,3,1,1,4,1,2,1,4,2,2,3,0,5,4,4,1,3,2,3,2,1,6,2,2,2,1,1,2,2,1,6,3,2
Patient_0086,3,2,3,1,4,2,0,2,2,4,4,2,5,3,4,1,3,2,3,3,1,1,3,2,1,1,1,3,4,1,3,1,1,2,1,1,2,3,2,2,1,0,0,5,6,2,1,4,2,2,5,8,4,1,0,3,1,4,1,3,2,3,1,0
Patient_0087,1,3,2,0,2,4,1,2,2,1,3,3,4,0,1,2,1,2,2,2,2,2,5,4,1,3,3,3,2,3,2,2,1,0,2,2,0,1,4,3,0,4,4,5,5,1,3,4,3,4,3,3,2,6,0,1,2,0,3,2,2,5,1,2
Patient_0088,3,2,2,1,3,1,1,1,3,3,1,1,1,2,1,6,2,2,3,3,2,2,5,2,2,4,2,2,0,5,1,4,1,1,2,3,2,2,2,5,1,1,1,3,2,3,2,1,2,1,1,3,3,5,2,2,1,3,2,2,5,2,4,5
Patient_0089,1,1,2,2,5,2,1,2,1,2,3,4,1,3,2,1,4,8,3,3,6,3,2,2,2,1,1,2,0,5,3,0,1,1,4,1,2,2,1,1,3,0,0,2,1,7,1,4,0,0,1,1,5,6,2,3,1,3,1,4,1,1,3,7
Patient_0090,3,5,1,3,2,3,3,3,2,1,2,1,0,1,2,5,4,1,1,3,2,4,1,3,2,3,0,1,2,4,2,4,2,3,1,2,1,3,2,1,4,1,4,2,2,1,3,1,3,2,3,0,3,0,1,5,0,2,5,3,4,3,3,4
Patient_0091,6,2,2,1,2,2,2,0,1,3,4,1,1,2,4,2,1,2,2,3,2,0,1,4,2,1,2,3,3,3,2,4,3,2,1,2,4,2,0,5,4,2,4,2,2,3,2,1,1,0,4,3,1,3,5,2,1,5,2,2,2,3,2,3
Patient_0092,2,5,5,1,4,1,1,2,5,5,3,3,2,3,3,0,3,1,3,2,1,0,3,1,3,3,2,2,1,3,2,2,5,1,5,3,3,2,3,3,1,2,0,4,5,2,1,1,3,1,4,2,1,2,3,2,5,1,2,0,1,0,2,1
Patient_0093,2,1,0,5,3,2,0,0,1,4,4,1,4,5,4,1,4,3,2,3,6,3,2,3,2,1,2,1,3,5,1,2,1,1,1,3,0,3,1,7,3,3,0,1,4,1,0,2,1,0,7,3,3,5,3,2,0,3,1,4,0,2,3,0
Patient_0094,3,5,3,1,1,3,4,3,1,2,3,4,1,4,2,1,3,2,5,2,4,5,3,2,4,0,2,2,4,1,2,2,2,2,1,4,3,1,0,1,1,2,1,4,2,6,2,0,4,3,1,1,4,5,1,3,3,1,2,0,2,2,0,0
Patient_0095,7,4,3,1,3,3,1,5,2,2,4,2,1,1,1,4,3,5,1,3,4,3,1,1,1,1,3,0,3,2,4,2,3,1,4,0,3,1,1,3,3,5,3,2,2,2,0,2,3,2,2,3,2,2,2,2,2,0,2,2,4,3,1,0
Patient_0096,3,2,3,3,2,2,0,7,1,2,2,1,3,1,3,3,4,4,3,2,4,2,2,2,0,2,4,2,1,5,4,1,1,2,0,3,4,3,3,2,5,4,1,0,2,2,2,1,3,3,0,2,3,3,3,0,0,4,3,4,2,1,2,0
Patient_0097,2,3,3,1,1,2,3,3,4,5,1,1,1,5,1,2,0,4,0,1,2,4,4,1,3,1,3,2,5,4,1,4,2,1,5,2,1,2,1,5,2,2,3,1,3,1,0,1,5,1,2,5,1,4,1,5,1,1,1,1,4,1,2,4
Patient_0098,2,3,0,4,3,2,2,3,5,3,0,1,3,4,1,6,3,1,4,3,2,0,5,1,2,1,4,2,0,2,3,3,3,1,4,5,1,2,2,2,3,2,0,0,4,2,0,0,1,5,1,2,5,4,0,2,3,1,0,3,3,3,3,3
Patient_0099,0,1,1,0,2,2,4,4,2,3,1,2,1,2,2,5,1,5,2,4,4,1,3,1,2,1,3,4,1,4,2,4,1,5,1,2,1,1,1,3,3,2,2,1,2,2,0,3,0,1,4,4,5,5,2,3,2,1,1,0,5,7,0,4
Patient_0100,2,1,3,1,1,1,3,2,2,4,3,4,1,1,2,1,0,3,2,1,1,1,7,1,4,3,3,5,1,1,1,4,4,1,5,2,3,2,3,4,2,5,2,1,2,5,2,3,1,2,3,1,1,6,2,0,3,0,2,2,3,2,2,2
Patient_0101,1,2,0,2,2,4,2,4,1,3,3,0,2,3,2,1,1,5,6,4,6,3,2,4,1,1,2,1,1,5,3,2,2,3,1,0,2,5,1,0,1,4,6,4,1,3,1,2,1,2,0,2,6,4,0,3,3,0,3,2,1,2,2,2
Patient_0102,4,4,2,2,3,6,1,5,1,4,2,1,1,1,0,4,5,3,4,2,7,3,3,3,1,0,3,2,5,0,4,3,1,0,0,1,3,4,1,4,0,3,2,2,3,1,0,1,2,8,2,1,1,2,1,0,0,5,0,0,4,2,2,3
Patient_0103,7,3,4,0,7,0,6,2,3,2,1,3,3,4,0,3,3,3,1,5,1,1,3,0,3,3,1,3,4,1,2,0,0,3,3,3,2,2,0,3,0,1,3,3,3,2,3,2,4,5,1,3,2,2,1,2,3,1,2,1,3,0,2,1
Patient_0104,3,1,5,5,3,2,1,2,6,5,2,2,3,2,1,4,4,3,5,0,0,1,2,3,2,0,1,2,2,3,2,1,5,1,2,3,3,2,0,2,1,0,1,2,1,2,1,4,2,3,3,2,6,1,1,1,2,2,1,2,4,2,3,5
Patient_0105,1,1,2,1,2,2,5,1,4,2,1,3,3,3,4,2,1,2,2,3,2,0,1,4,3,2,2,4,3,1,4,2,1,3,1,6,3,2,1,3,2,0,1,1,5,2,2,2,2,4,5,2,1,2,4,2,3,5,0,3,2,3,1,1
Patient_0106,3,2,1,4,0,2,2,1,2,1,3,2,3,2,4,3,1,1,4,2,3,0,2,1,2,2,2,0,1,2,2,3,4,0,1,4,3,1,1,4,3,3,3,2,1,2,3,4,2,3,2,2,2,3,1,2,2,3,3,6,4,2,5,4
Patient_0107,5,1,2,4,2,1,4,2,0,1,2,1,0,3,4,3,1,6,1,2,2,1,1,1,2,6,3,1,2,2,5,0,4,0,0,2,3,1,6,4,1,2,8,3,5,1,1,1,2,2,1,2,4,2,1,2,2,5,1,3,0,3,1,4
Patient_0108,7,3,2,6,2,2,2,1,3,2,1,2,1,1,5,5,4,2,1,2,4,5,1,1,1,2,2,3,2,1,0,3,4,1,1,2,1,1,2,2,1,1,1,3,2,5,1,1,3,1,4,2,2,3,3,2,3,1,1,2,5,3,1,4
Patient_0109,4,2,5,4,0,3,1,4,3,3,3,1,3,4,4,2,3,2,1,1,2,2,4,2,1,0,1,4,5,0,4,1,4,2,1,5,2,2,0,2,2,2,4,1,2,5,1,0,4,2,3,2,3,3,1,2,6,1,1,2,1,1,1,1
Patient_0110,2,4,3,3,4,2,2,2,1,1,4,1,2,1,6,3,5,0,1,2,3,1,2,2,1,3,5,2,3,1,2,0,3,4,2,4,0,1,6,2,7,1,0,3,2,3,3,1,2,2,1,4,1,4,1,0,4,4,2,3,2,1,1,0
Patient_0111,4,0,3,7,3,3,1,4,2,1,2,2,2,1,2,5,3,5,3,2,1,3,3,1,3,1,5,0,2,2,4,0,3,4,0,1,8,1,3,2,2,6,1,1,1,0,2,1,4,2,2,0,1,1,2,1,1,5,2,1,3,2,1,4
Patient_0112,0,3,4,2,7,5,1,0,3,4,1,2,4,2,4,2,5,8,3,5,6,4,1,3,1,2,2,0,0,4,0,2,1,0,2,4,3,3,1,2,2,0,1,1,2,1,2,2,3,2,1,1,5,1,2,1,1,3,0,4,1,2,2,2
Patient_0113,0,0,3,1,2,0,1,0,1,5,3,2,1,3,3,1,2,3,0,2,0,3,5,3,3,6,3,1,2,5,2,0,1,0,6,2,3,6,2,4,4,2,5,2,0,3,2,5,1,0,2,2,2,2,5,3,1,2,2,5,2,1,3,2
Patient_0114,4,1,4,3,1,1,0,5,2,3,4,1,2,2,2,2,2,4,2,3,4,5,1,5,0,2,2,1,4,5,1,5,2,0,0,1,2,5,2,3,1,5,1,2,2,3,0,0,5,2,3,1,4,4,2,2,0,2,2,1,3,2,2,1
Patient_0115,1,1,3,2,4,2,1,3,1,3,4,2,2,4,3,1,4,3,2,3,2,6,1,2,3,2,0,3,2,3,1,3,2,3,1,2,2,3,3,1,1,1,1,3,3,1,2,3,0,3,4,3,4,0,3,3,3,3,1,1,2,2,3,4
Patient_0116,1,1,2,3,3,3,1,1,2,2,2,3,0,4,2,0,3,3,4,1,3,1,2,1,1,2,5,1,0,3,2,3,1,3,2,2,4,2,2,2,3,3,3,5,3,2,4,4,2,1,1,0,2,1,4,4,2,3,4,4,1,2,5,2
Patient_0117,0,2,3,1,6,6,4,1,0,3,2,0,1,0,2,2,4,7,2,1,5,4,4,1,4,1,2,7,0,1,2,1,0,4,0,1,1,2,5,2,0,2,2,4,4,3,4,3,2,4,0,2,2,2,1,0,2,4,2,3,2,1,3,2
Patient_0118,3,1,0,3,3,5,5,0,1,0,2,3,3,2,2,2,2,5,1,1,4,2,5,4,6,1,2,3,1,4,2,1,0,2,4,3,3,3,1,1,0,5,1,3,6,2,1,1,2,5,1,2,0,5,1,3,2,2,4,1,0,1,4,0
Patient_0119,1,1,4,2,2,4,1,1,2,5,3,2,1,2,2,2,3,5,4,2,6,0,4,0,1,5,2,1,0,4,0,5,3,2,3,2,5,3,1,4,3,1,0,2,1,3,2,1,1,0,1,1,1,3,3,5,4,2,1,1,1,3,4,4
Patient_0120,3,2,3,2,1,2,2,4,2,4,0,1,1,1,4,3,5,3,1,1,3,6,1,2,1,4,2,2,1,3,1,7,1,2,1,3,3,2,3,3,0,1,0,1,1,4,0,1,2,2,2,3,3,2,3,3,3,2,0,2,6,3,2,6
Patient_0121,2,5,1,1,3,0,3,4,0,4,2,5,1,2,1,3,2,2,4,1,2,1,1,0,2,0,2,3,4,1,4,0,3,3,3,2,3,1,1,3,2,1,5,3,1,2,6,5,2,0,3,3,1,2,2,2,7,3,2,3,2,2,4,0
Patient_0122,1,2,3,1,1,3,1,2,1,3,2,4,4,2,1,1,2,3,3,1,2,1,2,2,3,5,4,1,5,1,2,2,1,0,2,4,4,1,6,4,1,4,4,3,0,3,3,3,3,2,3,2,2,2,4,2,2,3,1,1,1,4,1,1
Patient_0123,5,6,3,1,2,3,5,2,2,2,4,2,2,0,1,2,3,2,0,2,2,0,1,3,1,3,1,5,7,2,1,3,3,2,2,1,2,1,2,4,5,3,2,1,1,4,3,1,4,2,5,1,1,2,2,4,0,1,4,1,2,3,1,0
Patient_0124,2,1,2,3,2,3,3,2,2,3,3,1,3,1,5,1,2,1,3,4,0,1,1,3,0,3,2,2,4,4,1,4,2,4,1,1,5,1,2,3,3,0,2,4,2,2,2,2,2,4,3,2,3,0,2,5,3,4,2,1,2,3,2,2
Patient_0125,4,2,4,4,3,4,1,2,1,3,2,2,4,5,4,1,5,1,3,3,3,1,7,1,3,1,2,2,5,0,1,2,3,3,1,1,2,3,0,3,1,3,1,1,2,1,0,3,2,4,0,6,4,4,0,2,3,1,1,1,1,4,1,0
Patient_0126,8,0,3,4,4,4,2,3,2,0,4,0,4,3,3,0,3,3,2,1,2,1,2,5,1,2,2,1,2,3,2,4,1,6,0,3,1,1,1,0,4,0,2,4,1,1,3,3,3,4,1,2,2,4,1,3,3,1,2,3,3,3,1,1
Patient_0127,6,4,4,2,3,3,4,2,4,3,2,2,1,1,2,1,2,3,3,0,1,3,1,5,3,3,2,3,4,2,2,1,2,4,2,2,1,3,4,2,2,2,2,2,3,1,1,3,6,1,2,1,3,1,2,0,1,2,2,2,2,2,1,2
Patient_0128,4,3,2,3,4,2,2,3,2,1,0,6,4,2,1,4,1,5,3,4,2,1,3,0,5,2,4,2,0,3,0,1,4,2,2,1,3,1,5,0,1,5,0,1,3,3,2,2,2,2,2,3,4,2,3,1,1,1,3,1,2,2,3,2
Patient_0129,1,3,2,5,3,2,3,3,4,2,1,1,7,4,1,5,2,2,2,3,1,2,2,2,3,3,2,0,4,1,3,0,2,1,4,3,5,1,2,1,2,1,0,1,2,0,3,2,6,5,0,6,0,2,1,2,1,3,1,5,4,0,3,0
Patient_0130,1,0,2,1,2,2,2,2,3,0,3,5,3,2,1,3,0,1,2,4,1,0,3,3,3,3,3,1,6,2,1,3,2,3,2,2,2,1,2,3,1,3,1,4,1,4,2,4,1,4,5,2,2,3,3,4,2,2,2,1,2,4,3,3
Patient_0131,1,1,2,3,3,3,2,2,1,5,1,1,3,4,2,2,0,4,2,5,2,4,0,4,2,1,3,2,4,6,1,2,1,2,3,0,1,2,2,4,2,2,1,2,2,2,0,3,5,3,1,3,5,1,4,4,0,1,2,2,3,2,2,3
Patient_0132,1,5,2,1,5,6,4,2,0,2,2,0,2,2,3,2,6,3,2,4,3,6,3,2,3,2,4,0,0,3,4,2,2,6,0,2,4,2,2,3,5,3,3,0,2,0,2,0,0,3,0,2,3,0,1,2,2,4,1,4,1,1,2,0
Patient_0133,1,5,1,2,2,2,3,3,2,3,2,3,1,1,1,3,4,1,2,2,3,7,6,1,2,2,4,6,2,2,1,2,2,2,6,1,3,4,1,0,3,3,0,0,1,4,2,3,2,2,1,1,1,4,4,3,3,0,0,1,2,5,0,2
Patient_0134,1,1,3,1,0,1,2,2,0,3,1,5,2,3,4,2,0,2,1,2,2,0,3,2,2,2,4,1,4,3,5,1,3,1,0,3,3,1,3,6,4,3,3,2,5,1,3,2,2,1,4,5,0,5,1,3,1,5,4,3,2,2,1,1
Patient_0135,0,1,2,2,0,3,1,3,2,2,4,2,2,3,2,7,2,3,2,4,5,1,0,3,1,1,1,1,3,2,3,3,3,1,2,2,1,2,2,2,4,1,0,1,1,2,1,3,0,2,5,6,5,3,1,3,1,3,1,3,7,5,2,2
Patient_0136,1,3,0,5,5,1,2,6,2,1,1,1,7,2,2,2,2,3,4,2,0,0,0,2,1,6,3,2,2,3,6,2,3,2,1,2,5,0,6,4,2,2,2,1,1,1,0,2,3,6,0,4,1,1,4,1,3,5,1,0,3,1,1,1
Patient_0137,2,1,1,1,0,2,4,1,2,6,1,2,0,0,3,6,1,2,6,4,2,3,4,3,3,3,2,4,2,3,1,0,1,4,2,1,6,2,1,2,1,0,0,2,1,5,2,2,1,0,2,3,5,5,2,0,2,3,0,2,3,4,1,8
Patient_0138,1,1,3,4,3,1,3,6,4,0,3,2,4,1,2,5,2,3,1,2,3,2,3,1,5,1,1,2,2,1,3,1,5,4,4,3,1,0,2,0,3,0,2,3,1,3,4,1,2,4,1,3,1,6,1,0,4,2,2,2,3,3,1,1
Patient_0139,3,3,1,3,4,2,2,4,3,5,3,2,3,1,2,2,4,4,3,3,3,0,1,2,0,1,0,3,4,2,2,2,1,2,1,1,6,1,1,2,1,4,8,1,3,1,2,2,2,3,7,1,1,3,0,2,1,1,3,2,3,2,1,2
Patient_0140,0,1,1,2,0,7,0,1,0,3,1,8,1,2,1,3,2,1,2,2,1,4,7,4,1,4,2,2,1,1,2,4,1,2,1,1,5,2,0,1,3,1,1,2,7,2,2,4,1,4,8,2,1,4,2,2,1,0,2,3,6,4,1,1
Patient_0141,2,2,2,3,3,1,1,4,1,1,4,2,2,2,4,2,4,2,0,2,2,5,3,3,4,1,1,3,2,2,2,3,3,2,3,2,0,4,3,2,2,4,2,1,6,1,2,0,0,4,3,3,2,3,2,0,3,3,2,3,0,2,3,3
Patient_0142,2,1,0,3,2,3,4,2,3,0,2,1,4,1,2,4,1,0,3,1,1,3,3,4,2,0,3,4,3,1,0,2,1,5,1,4,0,2,0,0,3,1,4,4,2,2,4,5,2,5,2,3,2,3,2,0,3,1,4,4,3,3,6,2
Patient_0143,0,0,0,3,2,1,3,1,4,1,1,4,1,7,2,3,1,3,2,3,2,4,0,4,2,2,2,3,5,1,1,1,1,2,5,5,4,1,1,2,4,2,1,2,2,1,3,3,1,2,3,2,1,4,4,1,3,3,5,1,0,1,6,3
Patient_0144,1,2,2,3,3,4,1,3,2,1,3,4,1,3,0,5,2,2,2,3,1,0,5,3,2,0,3,3,2,4,0,2,2,2,3,1,2,0,0,0,2,1,3,4,5,3,3,3,3,5,2,2,3,6,2,2,2,0,1,3,4,3,3,1
Patient_0145,0,2,0,3,1,4,2,3,2,2,4,0,3,4,3,2,1,4,2,1,2,5,3,1,3,1,3,1,1,1,2,5,2,4,1,5,1,2,1,3,2,2,2,3,1,2,2,2,2,0,5,3,4,0,2,3,5,2,0,3,5,1,3,4
Patient_0146,1,2,4,4,2,1,3,2,5,4,4,4,4,1,1,1,2,2,8,2,5,1,2,1,3,0,2,1,0,1,1,3,5,2,4,0,4,4,1,2,2,4,2,2,2,1,3,2,3,2,1,2,2,3,0,0,1,3,2,1,2,2,2,5
Patient_0147,3,1,1,0,0,2,2,1,0,3,0,4,1,1,0,1,1,1,2,3,2,8,6,1,2,7,4,5,1,2,2,4,1,0,3,0,2,5,3,7,1,4,0,2,2,3,4,4,0,3,1,1,3,2,7,0,1,3,3,2,1,5,3,1
Patient_0148,4,4,3,5,2,1,4,4,4,2,0,2,5,6,0,2,4,4,1,3,1,1,2,1,4,3,3,1,2,1,3,3,6,1,2,0,7,1,0,1,0,3,2,1,1,2,0,2,2,2,1,5,2,2,5,3,1,1,1,1,3,3,1,1
Patient_0149,2,3,3,3,4,1,2,3,4,2,2,3,4,2,3,3,2,1,4,1,3,1,0,1,2,1,2,2,4,0,2,2,3,2,2,4,1,2,2,2,2,3,2,2,4,2,1,3,4,4,2,4,1,1,3,2,3,1,3,3,1,3,4,0
Patient_0150,1,1,4,2,4,0,3,3,3,5,4,3,1,2,3,1,2,4,2,3,2,7,2,1,4,1,1,2,4,0,2,1,3,1,6,0,4,2,2,4,2,2,2,3,4,1,2,2,2,4,3,2,1,3,1,0,1,4,2,1,2,2,1,1
Patient_0151,4,2,1,0,1,4,2,1,3,3,5,0,1,6,1,1,0,1,6,3,5,5,6,1,4,3,1,3,2,1,1,4,1,3,2,4,0,6,1,3,2,3,4,2,3,0,2,1,2,2,2,2,4,3,2,3,1,1,1,1,2,4,0,0
Patient_0152,2,2,3,2,2,2,0,3,1,4,2,1,1,1,1,4,4,3,1,1,3,4,2,3,1,2,2,1,3,1,4,4,0,1,2,2,3,4,1,4,0,2,1,2,1,2,5,2,3,1,2,2,0,2,3,2,3,4,1,6,3,3,4,7
Patient_0153,3,3,4,0,3,4,1,2,2,1,6,4,1,4,1,1,2,1,5,1,2,4,3,3,4,0,2,1,1,3,2,3,5,3,2,4,2,1,0,1,3,2,1,3,1,3,3,2,0,3,2,2,3,3,3,3,4,1,0,1,4,2,0,4
Patient_0154,3,1,3,3,3,0,3,1,2,3,1,2,2,4,1,3,2,2,1,4,0,2,1,3,0,8,3,0,3,1,1,4,2,3,3,0,1,3,5,3,3,0,0,2,2,1,3,3,3,1,1,4,5,1,2,2,3,1,1,4,2,4,4,6
Patient_0155,4,3,6,1,4,0,1,1,2,2,2,5,4,4,1,0,2,1,2,3,2,1,5,1,1,2,3,3,3,2,2,2,4,0,0,1,1,5,2,3,1,3,0,2,3,4,3,3,4,1,3,4,1,3,1,4,1,4,1,3,2,0,3,3
Patient_0156,5,2,4,2,2,3,2,2,3,5,1,0,2,1,3,3,4,2,1,3,2,1,2,3,2,0,2,1,1,3,3,6,3,3,2,1,3,2,1,2,1,0,0,2,1,2,1,2,1,2,2,3,3,2,0,6,3,3,0,3,4,5,2,7
Patient_0157,1,2,2,4,1,1,4,0,3,1,2,3,2,3,2,2,4,2,0,2,2,3,0,2,1,4,4,3,0,2,2,4,2,1,5,2,1,3,4,4,2,4,2,1,4,1,3,3,2,1,2,1,4,0,4,2,4,4,1,3,0,4,5,1
Patient_0158,1,2,1,3,4,2,2,2,2,3,3,3,0,4,1,4,3,3,4,3,0,0,3,3,4,2,3,0,2,2,6,2,2,4,4,2,3,2,1,4,6,1,5,0,2,2,1,0,1,1,2,1,5,2,3,3,1,4,1,2,1,5,0,0
Patient_0159,1,3,5,1,2,4,6,3,3,3,3,1,0,5,1,0,5,5,2,2,4,2,1,2,0,3,1,3,3,2,4,3,1,5,2,2,4,1,0,4,6,1,1,1,1,1,0,3,4,2,1,1,4,2,0,3,1,1,4,0,4,1,1,3
Patient_0160,2,0,3,2,2,2,0,5,4,4,3,1,3,4,1,2,2,1,4,3,2,1,2,1,0,2,1,2,4,2,3,4,3,2,1,0,3,1,1,0,1,0,3,4,4,1,1,4,0,6,4,5,3,1,2,7,1,0,1,3,4,6,0,4
Patient_0161,2,2,3,3,4,0,1,4,2,2,0,2,3,6,5,2,3,4,1,6,3,2,2,1,2,0,2,3,4,2,2,0,3,2,1,2,0,4,2,0,2,1,2,1,2,4,4,1,2,2,1,5,7,2,2,3,2,3,2,5,1,1,1,0
Patient_0162,2,4,1,2,4,2,4,2,2,0,2,4,1,4,1,3,0,4,1,4,1,2,2,4,5,3,4,1,4,1,1,2,4,4,3,2,3,3,3,0,3,5,2,1,0,2,3,1,3,0,3,1,2,2,4,1,3,1,3,0,2,2,2,3
Patient_0163,1,1,2,1,1,0,3,1,2,1,2,4,4,1,2,4,1,0,0,0,0,0,4,1,4,7,3,4,1,2,2,1,0,2,5,6,0,3,7,3,3,4,0,2,6,1,1,4,3,2,2,4,0,2,3,1,5,1,4,2,0,2,7,3
Patient_0164,4,2,2,0,1,1,0,4,1,1,1,2,1,3,2,2,3,1,1,2,2,1,2,0,1,2,4,4,1,3,2,5,1,2,2,3,2,1,5,3,0,6,4,1,0,2,4,5,0,1,0,3,2,2,3,4,6,2,2,4,2,3,7,5
Patient_0165,4,2,3,1,3,2,4,1,3,4,2,4,0,0,2,3,0,4,3,2,3,2,0,3,2,2,3,3,0,2,1,2,3,4,4,1,2,2,4,1,3,2,1,3,2,2,5,4,3,0,3,1,1,2,1,1,4,1,3,3,5,1,3,3
Patient_0166,5,3,3,3,4,3,3,1,0,3,2,3,1,1,4,3,3,4,5,3,4,2,3,1,3,4,1,2,2,2,1,1,3,1,1,2,5,3,0,2,3,2,4,2,2,5,0,1,3,3,0,1,2,2,4,2,1,1,3,1,2,2,1,1
Patient_0167,1,3,2,1,1,2,2,3,3,2,1,4,1,1,5,1,3,3,2,2,2,2,5,2,3,3,1,1,3,0,1,2,2,2,2,2,5,3,1,2,1,3,2,3,2,4,4,4,1,0,4,3,2,4,0,0,1,2,5,6,2,1,4,3
Patient_0168,2,2,4,3,1,1,3,1,1,3,2,4,1,1,1,5,3,1,2,1,1,0,3,1,2,4,0,4,1,3,2,2,5,3,1,1,2,3,3,3,2,3,2,2,3,3,3,3,1,0,3,3,3,1,2,3,5,1,5,1,2,2,6,3
Patient_0169,4,0,1,2,0,0,2,3,2,2,3,5,3,0,3,2,0,0,2,1,1,2,4,0,3,3,4,3,1,1,1,1,0,3,4,5,2,2,3,1,2,2,4,5,2,3,7,5,3,2,5,0,0,3,4,0,5,1,2,4,4,3,1,2
Patient_0170,1,1,3,3,3,2,1,3,2,5,0,2,2,4,1,2,3,2,3,1,2,3,3,0,2,3,4,2,2,1,2,6,1,5,1,2,2,1,1,7,2,0,2,3,2,1,4,1,2,1,2,3,2,2,6,1,3,4,1,1,2,5,2,2
Patient_0171,2,3,1,3,2,4,1,4,3,2,1,1,4,3,5,3,1,2,4,4,2,2,2,2,4,4,1,0,2,3,1,2,4,2,0,5,4,0,2,1,2,0,1,3,2,2,1,2,2,5,2,3,3,1,4,1,2,1,3,3,4,1,2,2
Patient_0172,3,0,2,3,2,2,1,2,2,0,2,4,1,2,3,5,1,1,2,1,0,1,1,3,1,1,2,2,3,4,0,3,1,3,1,2,0,1,2,1,3,1,2,3,5,3,4,3,3,3,3,5,3,1,2,5,1,2,3,5,5,2,4,6
Patient_0173,1,1,4,2,3,4,1,1,1,3,0,2,4,1,5,2,3,4,2,5,5,6,2,1,1,2,4,1,1,1,2,2,1,2,0,3,3,2,4,2,4,1,5,3,1,2,1,3,3,2,0,2,3,1,1,2,1,5,4,1,1,3,3,2
Patient_0174,1,1,3,3,3,0,4,1,2,5,3,2,2,1,3,1,1,5,2,1,1,4,0,3,3,2,2,3,4,2,2,3,3,2,2,1,4,2,4,2,2,3,1,2,1,4,2,3,3,0,4,2,1,2,2,6,1,2,2,3,2,4,1,2
Patient_0175,2,1,3,2,0,6,0,1,1,5,2,1,0,2,1,2,3,5,0,3,5,2,7,3,0,3,4,4,1,5,3,2,2,1,3,0,2,6,0,6,1,5,1,1,1,2,3,2,1,0,3,0,4,3,5,1,4,1,1,2,2,3,1,2
Patient_0176,4,3,2,3,1,2,3,0,4,4,1,7,5,3,1,3,3,0,3,3,0,2,3,3,2,2,3,2,2,2,0,1,2,1,4,3,3,2,1,0,2,0,1,3,5,4,3,1,3,2,6,3,5,2,2,2,2,0,1,2,2,2,1,1
Patient_0177,2,4,2,2,2,2,4,2,0,1,4,2,0,4,2,4,4,4,0,3,3,1,1,1,2,5,2,1,1,2,1,3,2,1,2,4,2,2,2,2,2,1,3,5,4,2,1,2,2,1,3,1,4,2,3,2,4,1,2,1,2,3,4,5
Patient_0178,4,5,2,0,4,4,3,3,8,1,3,4,2,1,1,2,3,2,2,0,0,1,2,2,4,1,0,3,3,1,2,2,1,6,5,4,1,0,1,1,1,1,2,4,4,4,2,2,3,1,7,2,2,1,2,2,2,0,3,1,4,1,1,2
Patient_0179,4,0,4,5,1,3,1,3,1,1,2,2,6,1,2,3,3,1,1,3,3,1,3,2,0,2,0,4,3,0,3,3,2,2,1,1,2,4,0,3,2,2,1,3,2,2,4,3,4,5,1,3,2,1,2,1,3,4,5,2,2,3,4,1
Patient_0180,5,1,3,1,3,7,1,2,1,0,3,1,2,6,1,6,3,4,1,3,4,2,3,2,2,3,3,2,3,1,2,1,0,3,0,6,2,1,0,1,3,1,1,3,4,2,1,0,2,4,1,5,2,1,6,3,3,0,1,1,3,3,1,2
Patient_0181,3,2,3,3,1,2,4,2,0,2,1,3,1,6,1,0,3,2,1,3,4,2,3,0,1,2,3,3,0,5,5,5,3,2,0,2,0,4,0,4,3,4,4,1,0,2,2,3,2,3,2,0,4,1,2,8,3,0,4,0,6,2,0,1
Patient_0182,4,1,6,2,3,2,3,1,4,3,4,1,1,2,1,5,2,2,4,3,4,3,1,1,3,3,4,0,2,2,1,2,6,3,2,2,1,2,5,3,5,2,4,1,1,1,0,1,1,2,0,2,3,2,1,2,2,3,0,1,1,3,4,2
Patient_0183,1,3,1,3,0,3,1,2,0,4,2,2,4,2,1,4,1,1,2,2,2,1,1,2,2,1,1,3,1,3,5,2,2,0,0,3,1,2,5,1,2,2,5,4,5,1,2,4,4,3,5,3,3,0,0,6,1,2,5,3,4,3,3,1
Patient_0184,0,1,0,2,3,6,1,4,0,0,1,4,3,1,3,3,1,3,3,1,3,8,2,4,2,0,3,2,2,3,3,2,1,6,1,2,1,2,1,0,4,0,8,3,3,1,3,2,1,4,1,5,1,1,3,2,3,4,3,0,4,2,1,1
Patient_0185,0,3,2,0,2,5,1,4,1,2,2,2,6,2,2,2,3,3,0,4,3,3,1,3,0,3,2,2,6,3,0,2,0,2,0,3,1,0,4,3,1,2,1,2,0,2,2,6,2,4,4,5,4,2,2,1,3,1,1,4,3,2,5,2
Patient_0186,8,2,2,4,1,1,2,1,5,3,3,1,5,1,4,2,1,0,2,1,1,1,1,2,1,2,2,2,1,1,5,1,2,3,5,4,2,1,2,4,2,2,1,3,3,2,4,1,6,0,3,3,0,2,2,1,5,2,2,4,3,1,0,4
Patient_0187,0,3,1,0,2,3,4,1,0,2,2,5,2,3,2,0,1,2,3,3,3,1,0,5,2,0,2,3,4,1,5,1,2,2,3,0,1,4,1,1,1,2,5,4,4,6,4,2,1,3,2,4,3,1,2,4,3,3,3,4,0,1,2,4
Patient_0188,0,2,1,2,3,4,1,3,1,2,3,1,0,2,0,3,0,6,0,2,2,4,4,2,1,1,3,5,2,2,2,6,2,1,0,0,2,1,2,2,1,1,5,5,4,4,3,2,2,2,7,1,1,3,3,5,0,3,1,2,6,4,1,2
Patient_0189,2,3,1,1,3,2,5,3,1,2,3,1,1,3,1,1,2,6,1,3,3,3,2,2,2,4,3,2,2,2,2,2,2,3,2,1,3,2,3,2,3,3,6,4,1,1,5,3,1,1,4,1,3,3,1,1,2,1,3,3,3,2,1,0
Patient_0190,4,5,5,2,8,4,2,3,2,1,2,3,3,2,1,3,6,5,0,4,3,2,2,2,0,2,3,3,1,3,0,2,2,2,1,2,1,1,3,0,1,1,1,3,4,2,2,1,4,4,2,1,3,2,1,1,4,1,1,0,3,0,3,3
Patient_0191,1,1,4,3,2,0,1,2,3,2,3,2,3,4,2,1,1,0,1,4,1,6,2,3,0,3,1,0,5,3,3,3,2,1,1,3,1,2,1,5,3,3,6,2,1,1,3,2,5,3,4,0,2,4,0,4,2,1,4,3,3,2,2,2
Patient_0192,5,2,0,5,3,0,3,2,0,2,1,1,3,5,2,0,2,1,1,2,0,2,2,4,3,0,6,0,0,3,6,2,2,1,3,1,3,3,1,1,2,4,7,4,2,1,2,5,4,4,0,2,0,3,2,4,2,2,3,5,5,0,2,0
Patient_0193,1,4,1,4,3,2,3,4,1,0,0,1,6,0,4,2,2,2,0,4,3,0,2,3,1,2,2,3,2,2,3,4,2,2,0,1,1,4,2,1,1,4,1,2,2,4,2,3,5,4,1,3,2,2,1,3,2,1,5,5,3,2,4,2
Patient_0194,0,2,2,0,0,2,4,2,2,4,0,3,0,1,3,3,1,2,3,0,4,3,5,5,3,4,1,4,4,4,2,3,1,3,1,4,2,6,1,2,1,1,3,1,2,3,1,2,2,1,3,2,0,6,2,4,3,2,2,0,2,4,1,4
Patient_0195,3,4,2,0,1,0,2,4,0,1,2,3,1,3,2,2,2,0,2,3,1,2,3,2,2,2,3,3,2,2,5,2,2,3,0,2,4,0,2,2,4,0,3,5,0,5,3,5,2,1,2,3,1,6,3,3,1,5,4,2,4,3,2,0
Patient_0196,4,6,3,1,1,2,5,6,6,2,1,1,5,0,1,2,1,2,3,1,3,4,2,0,1,3,5,1,2,0,2,3,3,3,2,2,1,3,2,1,2,1,0,5,3,3,3,2,6,3,2,4,1,0,1,1,1,1,2,4,5,0,2,0
Patient_0197,2,3,1,6,3,1,3,3,2,3,4,0,5,2,6,2,3,3,2,2,2,2,0,0,2,1,1,2,2,2,1,2,1,2,2,5,3,0,2,0,2,0,2,5,3,2,2,3,6,2,4,2,2,1,2,4,3,1,2,3,4,3,0,2
Patient_0198,3,1,1,4,3,0,3,1,4,3,2,2,0,5,1,0,2,3,7,0,3,2,2,2,2,9,4,2,1,3,1,2,1,3,2,1,3,5,5,3,0,4,2,3,3,2,0,4,3,0,1,1,3,2,6,1,1,0,1,2,1,2,2,3
Patient_0199,3,1,1,4,2,3,1,4,0,4,2,1,4,0,2,2,2,4,3,2,4,4,2,1,0,1,2,1,0,2,7,4,0,1,1,2,3,3,1,5,1,3,1,4,3,3,2,1,4,4,2,0,2,2,0,3,3,4,4,3,3,2,3,2
