confidence,entropy,probability_AD,is_member
0.9176974,0.28435734,0.9176974,1
0.95556045,0.18180524,0.044439532,1
0.9599823,0.16800052,0.040017746,1
0.9584542,0.17282605,0.041545797,1
0.9440011,0.21581344,0.9440011,1
0.8672608,0.3915608,0.13273919,1
0.86618245,0.3935798,0.86618245,1
0.93240374,0.24737635,0.93240374,1
0.9305064,0.25232708,0.069493614,1
0.8919394,0.34244123,0.8919394,1
0.9308738,0.25137278,0.069126196,1
0.8208269,0.4701373,0.8208269,1
0.87116206,0.3841717,0.12883794,1
0.96667224,0.14612594,0.033327743,1
0.9644812,0.15343128,0.0355188,1
0.95979476,0.16859587,0.95979476,1
0.95764744,0.17534989,0.042352527,1
0.97045577,0.13315435,0.029544253,1
0.90016925,0.32471094,0.90016925,1
0.9716608,0.12892082,0.9716608,1
0.9384331,0.23125724,0.061566867,1
0.9468981,0.20754923,0.9468981,1
0.91010463,0.30229568,0.91010463,1
0.76188296,0.54889977,0.76188296,1
0.94250286,0.22002457,0.05749716,1
0.91304535,0.2954348,0.08695466,1
0.89120674,0.34398487,0.89120674,1
0.9083086,0.30643368,0.9083086,1
0.8679569,0.3902522,0.1320431,1
0.95458525,0.18478622,0.95458525,1
0.85605395,0.4120626,0.14394608,1
0.9004987,0.32398587,0.9004987,1
0.8674541,0.39119783,0.13254589,1
0.9022862,0.3200305,0.9022862,1
0.97215736,0.12716104,0.027842628,1
0.96365345,0.15615419,0.96365345,1
0.9582679,0.1734102,0.041732054,1
0.92304945,0.27125764,0.92304945,1
0.9234172,0.270343,0.0765828,1
0.9749153,0.11721698,0.025084699,1
0.89489436,0.3361585,0.89489436,1
0.9682496,0.140775,0.9682496,1
0.93147415,0.24980897,0.06852585,1
0.80912316,0.4874919,0.80912316,1
0.93486685,0.24086396,0.065133154,1
0.89142597,0.3435236,0.89142597,1
0.97640026,0.111735895,0.023599723,1
0.9431624,0.21817595,0.9431624,1
0.93827707,0.23168215,0.93827707,1
0.9842557,0.080978855,0.015744356,1
0.9697471,0.13562009,0.030252874,1
0.9456689,0.21107566,0.054331105,1
0.9729973,0.12416362,0.9729973,1
0.9237856,0.26942474,0.076214366,1
0.97499484,0.11692575,0.97499484,1
0.93852913,0.23099563,0.93852913,1
0.9639513,0.15517664,0.036048684,1
0.96059084,0.1660619,0.039409176,1
0.97351044,0.122319266,0.97351044,1
0.9480501,0.20421712,0.9480501,1
0.9319526,0.24855864,0.9319526,1
0.90696216,0.3095105,0.90696216,1
0.9469531,0.20739071,0.053046886,1
0.95754516,0.17566879,0.95754516,1
0.9389551,0.2298329,0.9389551,1
0.9076665,0.3079037,0.0923335,1
0.9206866,0.27708924,0.07931341,1
0.8998342,0.32544708,0.8998342,1
0.97770095,0.106856585,0.022299059,1
0.960835,0.16528133,0.039164994,1
0.8526813,0.41802984,0.14731875,1
0.9093017,0.30415046,0.9093017,1
0.96463424,0.15292566,0.96463424,1
0.9290656,0.25604934,0.07093442,1
0.9817168,0.0912802,0.9817168,1
0.8746807,0.37739104,0.12531932,1
0.84493214,0.4314,0.84493214,1
0.93135023,0.25013226,0.068649784,1
0.9737958,0.12128933,0.026204232,1
0.9629552,0.15843599,0.037044846,1
0.92526317,0.2657228,0.07473682,1
0.87315464,0.38034558,0.12684537,1
0.9414788,0.22287905,0.058521222,1
0.9439287,0.21601775,0.056071263,1
0.96104103,0.16462141,0.038958948,1
0.9597543,0.1687242,0.040245686,1
0.9614948,0.16316408,0.03850517,1
0.9521128,0.19224663,0.9521128,1
0.95311403,0.18924202,0.046885967,1
0.92776847,0.25937334,0.072231516,1
0.9859554,0.073852904,0.014044579,1
0.9410906,0.22395612,0.0589094,1
0.90478504,0.3144401,0.09521495,1
0.9064628,0.31064615,0.9064628,1
0.973318,0.12301226,0.026682032,1
0.91761494,0.28455624,0.91761494,1
0.9225525,0.2724905,0.9225525,1
0.96441776,0.15364066,0.96441776,1
0.9342187,0.2425871,0.06578127,1
0.966555,0.14652057,0.966555,1
0.92891604,0.25643384,0.92891604,1
0.9703795,0.13342054,0.029620504,1
0.9739178,0.120847926,0.026082218,1
0.8982387,0.32893577,0.8982387,1
0.85568744,0.41271544,0.14431255,1
0.9661346,0.14793202,0.03386541,1
0.88096976,0.36498827,0.11903021,1
0.9173012,0.28531188,0.082698844,1
0.92626494,0.26319498,0.92626494,1
0.94914216,0.2010334,0.05085784,1
0.94516206,0.2125211,0.054837964,1
0.94354826,0.21709062,0.05645174,1
0.97499573,0.11692244,0.025004249,1
0.9538976,0.186875,0.9538976,1
0.97571695,0.114269644,0.024283057,1
0.9582479,0.17347299,0.0417521,1
0.9673888,0.14370492,0.032611188,1
0.9590423,0.1709759,0.9590423,1
0.9240043,0.26887876,0.07599567,1
0.90904623,0.30473897,0.90904623,1
0.93674266,0.23583773,0.06325736,1
0.9420294,0.2213466,0.9420294,1
0.9549814,0.18357794,0.045018587,1
0.97385395,0.12107892,0.026146049,1
0.9793635,0.10050602,0.9793635,1
0.9579029,0.17455244,0.042097073,1
0.89369756,0.33871418,0.89369756,1
0.97628987,0.11214659,0.02371012,1
0.9752113,0.11613177,0.024788689,1
0.8610852,0.40298867,0.8610852,1
0.9235318,0.27005765,0.9235318,1
0.98497456,0.07798894,0.98497456,1
0.8939725,0.3381284,0.8939725,1
0.8875446,0.3516184,0.8875446,1
0.9785377,0.10367686,0.021462303,1
0.9444662,0.21449757,0.05553382,1
0.90740097,0.30851015,0.90740097,1
0.9224085,0.27284718,0.9224085,1
0.9490788,0.20121875,0.050921183,1
0.9006263,0.32370463,0.09937368,1
0.95546,0.18211326,0.044539962,1
0.8955548,0.33474177,0.8955548,1
0.9224545,0.27273336,0.9224545,1
0.9819778,0.09023854,0.018022157,1
0.8841398,0.35859483,0.11586023,1
0.9724572,0.12609427,0.027542856,1
0.91207606,0.29770806,0.08792392,1
0.8628745,0.39971095,0.13712552,1
0.8995833,0.32599765,0.8995833,1
0.91344154,0.29450223,0.08655848,1
0.9265572,0.2624548,0.07344284,1
0.9439023,0.21609236,0.056097697,1
0.9598198,0.16851643,0.9598198,1
0.934642,0.2414625,0.06535798,1
0.9439886,0.2158486,0.056011364,1
0.94570726,0.21096602,0.054292742,1
0.93590474,0.23809016,0.93590474,1
0.97594225,0.11343641,0.97594225,1
0.90747243,0.30834702,0.90747243,1
0.8960142,0.3337534,0.8960142,1
0.9423451,0.2204656,0.9423451,1
0.9845583,0.079724364,0.9845583,1
0.9457851,0.21074353,0.9457851,1
0.8918752,0.3425767,0.10812479,1
0.93805784,0.23227835,0.061942164,1
0.9505255,0.19696495,0.9505255,1
0.97182584,0.12833694,0.97182584,1
0.95436615,0.18545291,0.045633838,1
0.92716676,0.26090676,0.92716676,1
0.9750233,0.1168213,0.024976645,1
0.93517554,0.2400409,0.06482449,1
0.9141555,0.29281664,0.08584451,1
0.9350703,0.24032168,0.06492971,1
0.81357986,0.4809903,0.81357986,1
0.9399155,0.2272,0.06008451,1
0.86863023,0.38898233,0.86863023,1
0.9278056,0.25927854,0.9278056,1
0.9358547,0.23822437,0.9358547,1
0.8429237,0.43478978,0.8429237,1
0.98156965,0.091865845,0.018430369,1
0.9251,0.26613307,0.9251,1
0.90995425,0.30264366,0.09004575,1
0.9559876,0.18049265,0.044012442,1
0.89785117,0.32977894,0.102148846,1
0.8776235,0.37163344,0.8776235,1
0.9804948,0.09610708,0.019505177,1
0.9803299,0.09675244,0.0196701,1
0.9510778,0.19532937,0.9510778,1
0.89685225,0.33194473,0.10314774,1
0.9438338,0.21628562,0.9438338,1
0.93794453,0.23258616,0.93794453,1
0.93504745,0.24038258,0.06495255,1
0.95640826,0.17919554,0.04359175,1
0.9438484,0.2162446,0.9438484,1
0.9625186,0.15985566,0.037481423,1
0.9582133,0.17358133,0.04178669,1
0.9500313,0.19842315,0.9500313,1
0.78033817,0.52647966,0.21966185,0
0.94157654,0.22260743,0.058423474,0
0.64716107,0.6491864,0.64716107,0
0.83773726,0.443403,0.16226272,0
0.57291657,0.68247557,0.57291657,0
0.97058886,0.1326893,0.029411165,0
0.8457934,0.42993698,0.15420659,0
0.76745343,0.54233515,0.23254655,0
0.9658699,0.14881791,0.034130096,0
0.9853553,0.076391265,0.014644657,0
0.8124095,0.48271024,0.18759051,0
0.6860899,0.6221936,0.31391016,0
0.845266,0.43083358,0.845266,0
0.9271588,0.26092708,0.9271588,0
0.9210958,0.2760849,0.07890423,0
0.5833948,0.6791726,0.5833948,0
0.97967666,0.099294774,0.020323317,0
0.91133165,0.29944602,0.08866836,0
0.9002349,0.3245666,0.09976513,0
0.75556177,0.556142,0.75556177,0
0.7473482,0.5652298,0.7473482,0
0.8726201,0.38137552,0.12737992,0
0.61133754,0.668146,0.61133754,0
0.8131994,0.4815504,0.18680061,0
0.66388524,0.6384247,0.33611473,0
0.91658866,0.287023,0.08341135,0
0.77541906,0.53264505,0.22458096,0
0.64890444,0.6481222,0.64890444,0
0.85589194,0.41235125,0.85589194,0
0.81526333,0.47850043,0.81526333,0
0.8663315,0.3933013,0.13366847,0
0.8185184,0.4736327,0.8185184,0
0.87696415,0.37293038,0.12303585,0
0.6550143,0.6442872,0.34498575,0
0.7619887,0.54877675,0.23801132,0
0.5911995,0.676419,0.40880045,0
0.730258,0.5830021,0.269742,0
0.6616974,0.6399032,0.6616974,0
0.5552572,0.68702793,0.5552572,0
0.75823694,0.5531037,0.24176307,0
0.59736395,0.67406607,0.40263605,0
0.58502316,0.6786188,0.41497687,0
0.51519614,0.69268525,0.51519614,0
0.67882466,0.62775224,0.3211753,0
0.7076511,0.6042415,0.7076511,0
0.8626029,0.4002102,0.8626029,0
0.85918045,0.40644842,0.14081953,0
0.98188084,0.090626016,0.018119141,0
0.8681647,0.3898607,0.13183527,0
0.70406157,0.60738355,0.70406157,0
0.84331805,0.43412662,0.15668195,0
0.6628129,0.63915205,0.6628129,0
0.61454123,0.6666733,0.61454123,0
0.7358499,0.5773532,0.7358499,0
0.93731576,0.23429033,0.06268426,0
0.8900072,0.34650025,0.10999278,0
0.9580167,0.17419678,0.04198331,0
0.559499,0.6860501,0.44050097,0
0.8084551,0.48845536,0.8084551,0
0.5400824,0.68993056,0.5400824,0
0.8547426,0.4143936,0.8547426,0
0.81037146,0.48568386,0.18962856,0
0.7989518,0.50185215,0.2010482,0
0.85169655,0.41975492,0.14830345,0
0.9554859,0.18203399,0.044514116,0
0.8850503,0.3567404,0.114949726,0
0.50611067,0.6930725,0.49388936,0
0.9813198,0.09285737,0.018680232,0
0.88554823,0.35572278,0.88554823,0
0.7287595,0.58448875,0.7287595,0
0.7411416,0.5718594,0.25885838,0
0.67690325,0.6291817,0.67690325,0
0.55270034,0.6875822,0.55270034,0
0.83958465,0.44035798,0.16041537,0
0.9506898,0.19647916,0.9506898,0
0.90839446,0.3062368,0.091605544,0
0.67861813,0.6279067,0.67861813,0
0.94451016,0.21437289,0.05548982,0
0.5572423,0.68657947,0.4427577,0
0.8213668,0.46931463,0.17863323,0
0.82384264,0.4655164,0.82384264,0
0.53519815,0.6906673,0.46480185,0
0.60278606,0.6718658,0.60278606,0
0.8473789,0.42722884,0.8473789,0
0.85730326,0.40982884,0.14269675,0
0.50417125,0.6931124,0.49582872,0
0.719404,0.5935154,0.280596,0
0.7041489,0.60730785,0.7041489,0
0.78115505,0.5254421,0.21884494,0
0.7254092,0.5877717,0.7254092,0
0.8822957,0.3623258,0.11770424,0
0.97242844,0.12619658,0.97242844,0
0.7327527,0.5805017,0.26724735,0
0.5824242,0.6794975,0.5824242,0
0.64074343,0.65298927,0.35925657,0
0.8766,0.37364492,0.8766,0
0.54907066,0.68832356,0.54907066,0
0.6962231,0.6140306,0.30377692,0
0.7329518,0.58030075,0.26704818,0
0.74965245,0.56271666,0.74965245,0
0.8685541,0.38912606,0.13144588,0
0.5379932,0.69025743,0.46200684,0
0.58110046,0.6799343,0.41889957,0
0.60294473,0.67179954,0.3970553,0
0.6347304,0.65638995,0.6347304,0
0.8286499,0.4580205,0.17135009,0
0.95316744,0.18908107,0.046832535,0
0.55641425,0.6867684,0.44358578,0
0.6186007,0.664745,0.38139927,0
0.60745215,0.66987413,0.39254785,0
0.70711446,0.60471517,0.2928855,0
0.8044462,0.49417657,0.1955538,0
0.8474623,0.42708585,0.8474623,0
0.9328486,0.24620746,0.9328486,0
0.53450394,0.6907643,0.46549606,0
0.52115476,0.6922519,0.52115476,0
0.743837,0.56900513,0.25616303,0
0.60210526,0.6721488,0.39789474,0
0.6280163,0.66000307,0.6280163,0
0.6614243,0.64008623,0.3385757,0
0.815335,0.47839403,0.18466502,0
0.7500044,0.5623303,0.24999559,0
0.99119276,0.050445806,0.99119276,0
0.9759319,0.113474816,0.02406812,0
0.69133717,0.61802655,0.69133717,0
0.59634334,0.6744665,0.40365666,0
0.78000426,0.52690256,0.21999574,0
0.90979975,0.30300087,0.09020023,0
0.8306997,0.4547751,0.16930033,0
0.6068068,0.67015505,0.6068068,0
0.55619115,0.68681896,0.55619115,0
0.90991694,0.30272996,0.90991694,0
